timestamp,tripId,route,day,timeToReachExpressStation,timeToReachDestination
1235,121050_1..S02R,1,Tuesday,1488333004,1488333664
1235,121550_1..S02R,1,Tuesday,1488332608,1488333268
1235,122050_1..S02R,1,Tuesday,1488333088,1488333748
1235,122550_1..S02R,1,Tuesday,1488333177,1488333837
1235,123050_1..S02R,1,Tuesday,1488333331,1488333991
1235,123550_1..S02R,1,Tuesday,1488333634,1488334294
1235,124050_1..S02R,1,Tuesday,1488334020,1488334680
1235,124550_1..S02R,1,Tuesday,1488334320,1488334980
1235,125050_1..S02R,1,Tuesday,1488334620,1488335280
1235,125550_1..S02R,1,Tuesday,1488334920,1488335580
1235,126050_1..S02R,1,Tuesday,1488335220,1488335880
1235,126550_1..S02R,1,Tuesday,1488335520,1488336180
1235,119550_2..S01R,2,Tuesday,1488332750,1488333170
1235,120350_2..S01R,2,Tuesday,1488332856,1488333276
1235,121400_2..S01R,2,Tuesday,1488333559,1488333949
1235,122400_2..S01R,2,Tuesday,1488334137,1488334527
1235,123400_2..S01R,2,Tuesday,1488334681,1488335071
1235,124600_2..S01R,2,Tuesday,1488335370,1488335760
1235,125800_2..S01R,2,Tuesday,1488336090,1488336480
1235,123000_3..S01R,3,Tuesday,1488332554,1488332974
1235,124000_3..S01R,3,Tuesday,1488333150,1488333570
1235,125000_3..S01R,3,Tuesday,1488333750,1488334140
1235,126000_3..S01R,3,Tuesday,1488334350,1488334740
1236,121050_1..S02R,1,Tuesday,1488333004,1488333664
1236,121550_1..S02R,1,Tuesday,1488332622,1488333282
1236,122050_1..S02R,1,Tuesday,1488333088,1488333748
1236,122550_1..S02R,1,Tuesday,1488333231,1488333891
1236,123050_1..S02R,1,Tuesday,1488333331,1488333991
1236,123550_1..S02R,1,Tuesday,1488333634,1488334294
1236,124050_1..S02R,1,Tuesday,1488334020,1488334680
1236,124550_1..S02R,1,Tuesday,1488334320,1488334980
1236,125050_1..S02R,1,Tuesday,1488334620,1488335280
1236,125550_1..S02R,1,Tuesday,1488334920,1488335580
1236,126050_1..S02R,1,Tuesday,1488335220,1488335880
1236,126550_1..S02R,1,Tuesday,1488335520,1488336180
1236,119550_2..S01R,2,Tuesday,1488332683,1488333103
1236,120350_2..S01R,2,Tuesday,1488332856,1488333276
1236,121400_2..S01R,2,Tuesday,1488333521,1488333911
1236,122400_2..S01R,2,Tuesday,1488334159,1488334549
1236,123400_2..S01R,2,Tuesday,1488334687,1488335077
1236,124600_2..S01R,2,Tuesday,1488335370,1488335760
1236,125800_2..S01R,2,Tuesday,1488336090,1488336480
1236,123000_3..S01R,3,Tuesday,1488332554,1488332974
1236,124000_3..S01R,3,Tuesday,1488333150,1488333570
1236,125000_3..S01R,3,Tuesday,1488333750,1488334140
1236,126000_3..S01R,3,Tuesday,1488334350,1488334740
1236,121050_1..S02R,1,Tuesday,1488332987,1488333647
1236,121550_1..S02R,1,Tuesday,1488332609,1488333269
1236,122050_1..S02R,1,Tuesday,1488333105,1488333765
1236,122550_1..S02R,1,Tuesday,1488333212,1488333872
1236,123050_1..S02R,1,Tuesday,1488333340,1488334000
1236,123550_1..S02R,1,Tuesday,1488333657,1488334317
1236,124050_1..S02R,1,Tuesday,1488334020,1488334680
1236,124550_1..S02R,1,Tuesday,1488334320,1488334980
1236,125050_1..S02R,1,Tuesday,1488334620,1488335280
1236,125550_1..S02R,1,Tuesday,1488334920,1488335580
1236,126050_1..S02R,1,Tuesday,1488335220,1488335880
1236,126550_1..S02R,1,Tuesday,1488335520,1488336180
1236,119550_2..S01R,2,Tuesday,1488332706,1488333126
1236,120350_2..S01R,2,Tuesday,1488332891,1488333311
1236,121400_2..S01R,2,Tuesday,1488333520,1488333910
1236,122400_2..S01R,2,Tuesday,1488334124,1488334514
1236,123400_2..S01R,2,Tuesday,1488334709,1488335099
1236,124600_2..S01R,2,Tuesday,1488335370,1488335760
1236,125800_2..S01R,2,Tuesday,1488336090,1488336480
1236,123000_3..S01R,3,Tuesday,1488332539,1488332959
1236,124000_3..S01R,3,Tuesday,1488333150,1488333570
1236,125000_3..S01R,3,Tuesday,1488333750,1488334140
1236,126000_3..S01R,3,Tuesday,1488334350,1488334740
1237,121050_1..S02R,1,Tuesday,1488333011,1488333671
1237,121550_1..S02R,1,Tuesday,1488332629,1488333289
1237,122050_1..S02R,1,Tuesday,1488333105,1488333765
1237,122550_1..S02R,1,Tuesday,1488333225,1488333885
1237,123050_1..S02R,1,Tuesday,1488333324,1488333984
1237,123550_1..S02R,1,Tuesday,1488333652,1488334312
1237,124050_1..S02R,1,Tuesday,1488334020,1488334680
1237,124550_1..S02R,1,Tuesday,1488334320,1488334980
1237,125050_1..S02R,1,Tuesday,1488334620,1488335280
1237,125550_1..S02R,1,Tuesday,1488334920,1488335580
1237,126050_1..S02R,1,Tuesday,1488335220,1488335880
1237,126550_1..S02R,1,Tuesday,1488335520,1488336180
1237,119550_2..S01R,2,Tuesday,1488332700,1488333120
1237,120350_2..S01R,2,Tuesday,1488332899,1488333319
1237,121400_2..S01R,2,Tuesday,1488333547,1488333937
1237,122400_2..S01R,2,Tuesday,1488334124,1488334514
1237,123400_2..S01R,2,Tuesday,1488334688,1488335078
1237,124600_2..S01R,2,Tuesday,1488335370,1488335760
1237,125800_2..S01R,2,Tuesday,1488336090,1488336480
1237,123000_3..S01R,3,Tuesday,1488332559,1488332979
1237,124000_3..S01R,3,Tuesday,1488333150,1488333570
1237,125000_3..S01R,3,Tuesday,1488333750,1488334140
1237,126000_3..S01R,3,Tuesday,1488334350,1488334740
1237,121050_1..S02R,1,Tuesday,1488333011,1488333671
1237,121550_1..S02R,1,Tuesday,1488332629,1488333289
1237,122050_1..S02R,1,Tuesday,1488333105,1488333765
1237,122550_1..S02R,1,Tuesday,1488333225,1488333885
1237,123050_1..S02R,1,Tuesday,1488333324,1488333984
1237,123550_1..S02R,1,Tuesday,1488333652,1488334312
1237,124050_1..S02R,1,Tuesday,1488334020,1488334680
1237,124550_1..S02R,1,Tuesday,1488334320,1488334980
1237,125050_1..S02R,1,Tuesday,1488334620,1488335280
1237,125550_1..S02R,1,Tuesday,1488334920,1488335580
1237,126050_1..S02R,1,Tuesday,1488335220,1488335880
1237,126550_1..S02R,1,Tuesday,1488335520,1488336180
1237,119550_2..S01R,2,Tuesday,1488332695,1488333115
1237,120350_2..S01R,2,Tuesday,1488332916,1488333336
1237,121400_2..S01R,2,Tuesday,1488333547,1488333937
1237,122400_2..S01R,2,Tuesday,1488334145,1488334535
1237,123400_2..S01R,2,Tuesday,1488334688,1488335078
1237,124600_2..S01R,2,Tuesday,1488335370,1488335760
1237,125800_2..S01R,2,Tuesday,1488336090,1488336480
1237,123000_3..S01R,3,Tuesday,1488332552,1488332972
1237,124000_3..S01R,3,Tuesday,1488333150,1488333570
1237,125000_3..S01R,3,Tuesday,1488333750,1488334140
1237,126000_3..S01R,3,Tuesday,1488334350,1488334740
1238,121050_1..S02R,1,Tuesday,1488333004,1488333664
1238,121550_1..S02R,1,Tuesday,1488332579,1488333239
1238,122050_1..S02R,1,Tuesday,1488333099,1488333759
1238,122550_1..S02R,1,Tuesday,1488333216,1488333876
1238,123050_1..S02R,1,Tuesday,1488333324,1488333984
1238,123550_1..S02R,1,Tuesday,1488333648,1488334308
1238,124050_1..S02R,1,Tuesday,1488334020,1488334680
1238,124550_1..S02R,1,Tuesday,1488334320,1488334980
1238,125050_1..S02R,1,Tuesday,1488334620,1488335280
1238,125550_1..S02R,1,Tuesday,1488334920,1488335580
1238,126050_1..S02R,1,Tuesday,1488335220,1488335880
1238,126550_1..S02R,1,Tuesday,1488335520,1488336180
1238,119550_2..S01R,2,Tuesday,1488332717,1488333137
1238,120350_2..S01R,2,Tuesday,1488332920,1488333340
1238,121400_2..S01R,2,Tuesday,1488333536,1488333926
1238,122400_2..S01R,2,Tuesday,1488334145,1488334535
1238,123400_2..S01R,2,Tuesday,1488334708,1488335098
1238,124600_2..S01R,2,Tuesday,1488335370,1488335760
1238,125800_2..S01R,2,Tuesday,1488336090,1488336480
1238,123000_3..S01R,3,Tuesday,1488332552,1488332972
1238,124000_3..S01R,3,Tuesday,1488333150,1488333570
1238,125000_3..S01R,3,Tuesday,1488333750,1488334140
1238,126000_3..S01R,3,Tuesday,1488334350,1488334740
1238,121050_1..S02R,1,Tuesday,1488333004,1488333664
1238,121550_1..S02R,1,Tuesday,1488332574,1488333234
1238,122050_1..S02R,1,Tuesday,1488333099,1488333759
1238,122550_1..S02R,1,Tuesday,1488333216,1488333876
1238,123050_1..S02R,1,Tuesday,1488333324,1488333984
1238,123550_1..S02R,1,Tuesday,1488333648,1488334308
1238,124050_1..S02R,1,Tuesday,1488334020,1488334680
1238,124550_1..S02R,1,Tuesday,1488334320,1488334980
1238,125050_1..S02R,1,Tuesday,1488334620,1488335280
1238,125550_1..S02R,1,Tuesday,1488334920,1488335580
1238,126050_1..S02R,1,Tuesday,1488335220,1488335880
1238,126550_1..S02R,1,Tuesday,1488335520,1488336180
1238,119550_2..S01R,2,Tuesday,1488332717,1488333137
1238,120350_2..S01R,2,Tuesday,1488332920,1488333340
1238,121400_2..S01R,2,Tuesday,1488333533,1488333923
1238,122400_2..S01R,2,Tuesday,1488334124,1488334514
1238,123400_2..S01R,2,Tuesday,1488334684,1488335074
1238,124600_2..S01R,2,Tuesday,1488335370,1488335760
1238,125800_2..S01R,2,Tuesday,1488336090,1488336480
1238,123000_3..S01R,3,Tuesday,1488332574,1488332994
1238,124000_3..S01R,3,Tuesday,1488333150,1488333570
1238,125000_3..S01R,3,Tuesday,1488333750,1488334140
1238,126000_3..S01R,3,Tuesday,1488334350,1488334740
1239,121050_1..S02R,1,Tuesday,1488333029,1488333689
1239,121550_1..S02R,1,Tuesday,1488332574,1488333234
1239,122050_1..S02R,1,Tuesday,1488333117,1488333777
1239,122550_1..S02R,1,Tuesday,1488333236,1488333896
1239,123050_1..S02R,1,Tuesday,1488333415,1488334075
1239,123550_1..S02R,1,Tuesday,1488333656,1488334316
1239,124050_1..S02R,1,Tuesday,1488334020,1488334680
1239,124550_1..S02R,1,Tuesday,1488334320,1488334980
1239,125050_1..S02R,1,Tuesday,1488334620,1488335280
1239,125550_1..S02R,1,Tuesday,1488334920,1488335580
1239,126050_1..S02R,1,Tuesday,1488335220,1488335880
1239,126550_1..S02R,1,Tuesday,1488335520,1488336180
1239,127050_1..S02R,1,Tuesday,1488335820,1488336480
1239,119550_2..S01R,2,Tuesday,1488332702,1488333122
1239,120350_2..S01R,2,Tuesday,1488332866,1488333286
1239,121400_2..S01R,2,Tuesday,1488333533,1488333923
1239,122400_2..S01R,2,Tuesday,1488334121,1488334511
1239,123400_2..S01R,2,Tuesday,1488334684,1488335074
1239,124600_2..S01R,2,Tuesday,1488335370,1488335760
1239,125800_2..S01R,2,Tuesday,1488336090,1488336480
1239,126950_2..S01R,2,Tuesday,1488336810,1488337200
1239,123000_3..S01R,3,Tuesday,1488332574,1488332994
1239,124000_3..S01R,3,Tuesday,1488333150,1488333570
1239,125000_3..S01R,3,Tuesday,1488333750,1488334140
1239,126000_3..S01R,3,Tuesday,1488334350,1488334740
1239,127200_3..S01R,3,Tuesday,1488335070,1488335460
1239,121050_1..S02R,1,Tuesday,1488333029,1488333689
1239,121550_1..S02R,1,Tuesday,1488332588,1488333248
1239,122050_1..S02R,1,Tuesday,1488333117,1488333777
1239,122550_1..S02R,1,Tuesday,1488333236,1488333896
1239,123050_1..S02R,1,Tuesday,1488333396,1488334056
1239,123550_1..S02R,1,Tuesday,1488333656,1488334316
1239,124050_1..S02R,1,Tuesday,1488334020,1488334680
1239,124550_1..S02R,1,Tuesday,1488334320,1488334980
1239,125050_1..S02R,1,Tuesday,1488334620,1488335280
1239,125550_1..S02R,1,Tuesday,1488334920,1488335580
1239,126050_1..S02R,1,Tuesday,1488335220,1488335880
1239,126550_1..S02R,1,Tuesday,1488335520,1488336180
1239,127050_1..S02R,1,Tuesday,1488335820,1488336480
1239,119550_2..S01R,2,Tuesday,1488332702,1488333122
1239,120350_2..S01R,2,Tuesday,1488332888,1488333308
1239,121400_2..S01R,2,Tuesday,1488333551,1488333941
1239,122400_2..S01R,2,Tuesday,1488334144,1488334534
1239,123400_2..S01R,2,Tuesday,1488334697,1488335087
1239,124600_2..S01R,2,Tuesday,1488335370,1488335760
1239,125800_2..S01R,2,Tuesday,1488336090,1488336480
1239,126950_2..S01R,2,Tuesday,1488336810,1488337200
1239,123000_3..S01R,3,Tuesday,1488332574,1488332994
1239,124000_3..S01R,3,Tuesday,1488333150,1488333570
1239,125000_3..S01R,3,Tuesday,1488333750,1488334140
1239,126000_3..S01R,3,Tuesday,1488334350,1488334740
1239,127200_3..S01R,3,Tuesday,1488335070,1488335460
1240,121050_1..S02R,1,Tuesday,1488333013,1488333673
1240,121550_1..S02R,1,Tuesday,1488332588,1488333248
1240,122050_1..S02R,1,Tuesday,1488333121,1488333781
1240,122550_1..S02R,1,Tuesday,1488333223,1488333883
1240,123050_1..S02R,1,Tuesday,1488333407,1488334067
1240,123550_1..S02R,1,Tuesday,1488333660,1488334320
1240,124050_1..S02R,1,Tuesday,1488334020,1488334680
1240,124550_1..S02R,1,Tuesday,1488334320,1488334980
1240,125050_1..S02R,1,Tuesday,1488334620,1488335280
1240,125550_1..S02R,1,Tuesday,1488334920,1488335580
1240,126050_1..S02R,1,Tuesday,1488335220,1488335880
1240,126550_1..S02R,1,Tuesday,1488335520,1488336180
1240,127050_1..S02R,1,Tuesday,1488335820,1488336480
1240,119550_2..S01R,2,Tuesday,1488332716,1488333136
1240,120350_2..S01R,2,Tuesday,1488332888,1488333308
1240,121400_2..S01R,2,Tuesday,1488333551,1488333941
1240,122400_2..S01R,2,Tuesday,1488334142,1488334532
1240,123400_2..S01R,2,Tuesday,1488334697,1488335087
1240,124600_2..S01R,2,Tuesday,1488335370,1488335760
1240,125800_2..S01R,2,Tuesday,1488336090,1488336480
1240,126950_2..S01R,2,Tuesday,1488336810,1488337200
1240,123000_3..S01R,3,Tuesday,1488332574,1488332994
1240,124000_3..S01R,3,Tuesday,1488333159,1488333579
1240,125000_3..S01R,3,Tuesday,1488333750,1488334140
1240,126000_3..S01R,3,Tuesday,1488334350,1488334740
1240,127200_3..S01R,3,Tuesday,1488335070,1488335460
1240,121050_1..S02R,1,Tuesday,1488333013,1488333673
1240,121550_1..S02R,1,Tuesday,1488332603,1488333263
1240,122050_1..S02R,1,Tuesday,1488333137,1488333797
1240,122550_1..S02R,1,Tuesday,1488333223,1488333883
1240,123050_1..S02R,1,Tuesday,1488333407,1488334067
1240,123550_1..S02R,1,Tuesday,1488333673,1488334333
1240,124050_1..S02R,1,Tuesday,1488334010,1488334670
1240,124550_1..S02R,1,Tuesday,1488334320,1488334980
1240,125050_1..S02R,1,Tuesday,1488334620,1488335280
1240,125550_1..S02R,1,Tuesday,1488334920,1488335580
1240,126050_1..S02R,1,Tuesday,1488335220,1488335880
1240,126550_1..S02R,1,Tuesday,1488335520,1488336180
1240,127050_1..S02R,1,Tuesday,1488335820,1488336480
1240,119550_2..S01R,2,Tuesday,1488332716,1488333136
1240,120350_2..S01R,2,Tuesday,1488332878,1488333298
1240,121400_2..S01R,2,Tuesday,1488333569,1488333959
1240,122400_2..S01R,2,Tuesday,1488334142,1488334532
1240,123400_2..S01R,2,Tuesday,1488334717,1488335107
1240,124600_2..S01R,2,Tuesday,1488335370,1488335760
1240,125800_2..S01R,2,Tuesday,1488336090,1488336480
1240,126950_2..S01R,2,Tuesday,1488336810,1488337200
1240,123000_3..S01R,3,Tuesday,1488332574,1488332994
1240,124000_3..S01R,3,Tuesday,1488333159,1488333579
1240,125000_3..S01R,3,Tuesday,1488333750,1488334140
1240,126000_3..S01R,3,Tuesday,1488334350,1488334740
1240,127200_3..S01R,3,Tuesday,1488335070,1488335460
1241,121050_1..S02R,1,Tuesday,1488333038,1488333698
1241,121550_1..S02R,1,Tuesday,1488332609,1488333269
1241,122050_1..S02R,1,Tuesday,1488333137,1488333797
1241,122550_1..S02R,1,Tuesday,1488333242,1488333902
1241,123050_1..S02R,1,Tuesday,1488333395,1488334055
1241,123550_1..S02R,1,Tuesday,1488333678,1488334338
1241,124050_1..S02R,1,Tuesday,1488334010,1488334670
1241,124550_1..S02R,1,Tuesday,1488334320,1488334980
1241,125050_1..S02R,1,Tuesday,1488334620,1488335280
1241,125550_1..S02R,1,Tuesday,1488334920,1488335580
1241,126050_1..S02R,1,Tuesday,1488335220,1488335880
1241,126550_1..S02R,1,Tuesday,1488335520,1488336180
1241,127050_1..S02R,1,Tuesday,1488335820,1488336480
1241,119550_2..S01R,2,Tuesday,1488332738,1488333158
1241,120350_2..S01R,2,Tuesday,1488332878,1488333298
1241,121400_2..S01R,2,Tuesday,1488333571,1488333961
1241,122400_2..S01R,2,Tuesday,1488334142,1488334532
1241,123400_2..S01R,2,Tuesday,1488334699,1488335089
1241,124600_2..S01R,2,Tuesday,1488335370,1488335760
1241,125800_2..S01R,2,Tuesday,1488336090,1488336480
1241,126950_2..S01R,2,Tuesday,1488336810,1488337200
1241,123000_3..S01R,3,Tuesday,1488332574,1488332994
1241,124000_3..S01R,3,Tuesday,1488333128,1488333548
1241,125000_3..S01R,3,Tuesday,1488333750,1488334140
1241,126000_3..S01R,3,Tuesday,1488334350,1488334740
1241,127200_3..S01R,3,Tuesday,1488335070,1488335460
1241,121050_1..S02R,1,Tuesday,1488333020,1488333680
1241,121550_1..S02R,1,Tuesday,1488332609,1488333269
1241,122050_1..S02R,1,Tuesday,1488333137,1488333797
1241,122550_1..S02R,1,Tuesday,1488333240,1488333900
1241,123050_1..S02R,1,Tuesday,1488333410,1488334070
1241,123550_1..S02R,1,Tuesday,1488333678,1488334338
1241,124050_1..S02R,1,Tuesday,1488334016,1488334676
1241,124550_1..S02R,1,Tuesday,1488334320,1488334980
1241,125050_1..S02R,1,Tuesday,1488334620,1488335280
1241,125550_1..S02R,1,Tuesday,1488334920,1488335580
1241,126050_1..S02R,1,Tuesday,1488335220,1488335880
1241,126550_1..S02R,1,Tuesday,1488335520,1488336180
1241,127050_1..S02R,1,Tuesday,1488335820,1488336480
1241,119550_2..S01R,2,Tuesday,1488332738,1488333158
1241,120350_2..S01R,2,Tuesday,1488332901,1488333321
1241,121400_2..S01R,2,Tuesday,1488333571,1488333961
1241,122400_2..S01R,2,Tuesday,1488334142,1488334532
1241,123400_2..S01R,2,Tuesday,1488334699,1488335089
1241,124600_2..S01R,2,Tuesday,1488335370,1488335760
1241,125800_2..S01R,2,Tuesday,1488336090,1488336480
1241,126950_2..S01R,2,Tuesday,1488336810,1488337200
1241,123000_3..S01R,3,Tuesday,1488332535,1488332955
1241,124000_3..S01R,3,Tuesday,1488333148,1488333568
1241,125000_3..S01R,3,Tuesday,1488333750,1488334140
1241,126000_3..S01R,3,Tuesday,1488334350,1488334740
1241,127200_3..S01R,3,Tuesday,1488335070,1488335460
1242,121050_1..S02R,1,Tuesday,1488333020,1488333680
1242,121550_1..S02R,1,Tuesday,1488332638,1488333298
1242,122050_1..S02R,1,Tuesday,1488333132,1488333792
1242,122550_1..S02R,1,Tuesday,1488333236,1488333896
1242,123050_1..S02R,1,Tuesday,1488333410,1488334070
1242,123550_1..S02R,1,Tuesday,1488333690,1488334350
1242,124050_1..S02R,1,Tuesday,1488334029,1488334689
1242,124550_1..S02R,1,Tuesday,1488334320,1488334980
1242,125050_1..S02R,1,Tuesday,1488334620,1488335280
1242,125550_1..S02R,1,Tuesday,1488334920,1488335580
1242,126050_1..S02R,1,Tuesday,1488335220,1488335880
1242,126550_1..S02R,1,Tuesday,1488335520,1488336180
1242,127050_1..S02R,1,Tuesday,1488335820,1488336480
1242,119550_2..S01R,2,Tuesday,1488332738,1488333158
1242,120350_2..S01R,2,Tuesday,1488332887,1488333307
1242,121400_2..S01R,2,Tuesday,1488333594,1488333984
1242,122400_2..S01R,2,Tuesday,1488334175,1488334565
1242,123400_2..S01R,2,Tuesday,1488334723,1488335113
1242,124600_2..S01R,2,Tuesday,1488335370,1488335760
1242,125800_2..S01R,2,Tuesday,1488336090,1488336480
1242,126950_2..S01R,2,Tuesday,1488336810,1488337200
1242,123000_3..S01R,3,Tuesday,1488332535,1488332955
1242,124000_3..S01R,3,Tuesday,1488333163,1488333583
1242,125000_3..S01R,3,Tuesday,1488333750,1488334140
1242,126000_3..S01R,3,Tuesday,1488334350,1488334740
1242,127200_3..S01R,3,Tuesday,1488335070,1488335460
1242,121050_1..S02R,1,Tuesday,1488333046,1488333706
1242,121550_1..S02R,1,Tuesday,1488332638,1488333298
1242,122050_1..S02R,1,Tuesday,1488333132,1488333792
1242,122550_1..S02R,1,Tuesday,1488333236,1488333896
1242,123050_1..S02R,1,Tuesday,1488333410,1488334070
1242,123550_1..S02R,1,Tuesday,1488333676,1488334336
1242,124050_1..S02R,1,Tuesday,1488334016,1488334676
1242,124550_1..S02R,1,Tuesday,1488334320,1488334980
1242,125050_1..S02R,1,Tuesday,1488334620,1488335280
1242,125550_1..S02R,1,Tuesday,1488334920,1488335580
1242,126050_1..S02R,1,Tuesday,1488335220,1488335880
1242,126550_1..S02R,1,Tuesday,1488335520,1488336180
1242,127050_1..S02R,1,Tuesday,1488335820,1488336480
1242,119550_2..S01R,2,Tuesday,1488332738,1488333158
1242,120350_2..S01R,2,Tuesday,1488332887,1488333307
1242,121400_2..S01R,2,Tuesday,1488333574,1488333964
1242,122400_2..S01R,2,Tuesday,1488334173,1488334563
1242,123400_2..S01R,2,Tuesday,1488334704,1488335094
1242,124600_2..S01R,2,Tuesday,1488335370,1488335760
1242,125800_2..S01R,2,Tuesday,1488336090,1488336480
1242,126950_2..S01R,2,Tuesday,1488336810,1488337200
1242,124000_3..S01R,3,Tuesday,1488333163,1488333583
1242,125000_3..S01R,3,Tuesday,1488333750,1488334140
1242,126000_3..S01R,3,Tuesday,1488334350,1488334740
1242,127200_3..S01R,3,Tuesday,1488335070,1488335460
1243,121050_1..S02R,1,Tuesday,1488333046,1488333706
1243,121550_1..S02R,1,Tuesday,1488332611,1488333271
1243,122050_1..S02R,1,Tuesday,1488333154,1488333814
1243,122550_1..S02R,1,Tuesday,1488333236,1488333896
1243,123050_1..S02R,1,Tuesday,1488333390,1488334050
1243,123550_1..S02R,1,Tuesday,1488333676,1488334336
1243,124050_1..S02R,1,Tuesday,1488334011,1488334671
1243,124550_1..S02R,1,Tuesday,1488334320,1488334980
1243,125050_1..S02R,1,Tuesday,1488334620,1488335280
1243,125550_1..S02R,1,Tuesday,1488334920,1488335580
1243,126050_1..S02R,1,Tuesday,1488335220,1488335880
1243,126550_1..S02R,1,Tuesday,1488335520,1488336180
1243,127050_1..S02R,1,Tuesday,1488335820,1488336480
1243,119550_2..S01R,2,Tuesday,1488332738,1488333158
1243,120350_2..S01R,2,Tuesday,1488332907,1488333327
1243,121400_2..S01R,2,Tuesday,1488333574,1488333964
1243,122400_2..S01R,2,Tuesday,1488334178,1488334568
1243,123400_2..S01R,2,Tuesday,1488334702,1488335092
1243,124600_2..S01R,2,Tuesday,1488335370,1488335760
1243,125800_2..S01R,2,Tuesday,1488336090,1488336480
1243,126950_2..S01R,2,Tuesday,1488336810,1488337200
1243,124000_3..S01R,3,Tuesday,1488333137,1488333557
1243,125000_3..S01R,3,Tuesday,1488333750,1488334140
1243,126000_3..S01R,3,Tuesday,1488334350,1488334740
1243,127200_3..S01R,3,Tuesday,1488335070,1488335460
1243,121050_1..S02R,1,Tuesday,1488333032,1488333692
1243,121550_1..S02R,1,Tuesday,1488332611,1488333271
1243,122050_1..S02R,1,Tuesday,1488333142,1488333802
1243,122550_1..S02R,1,Tuesday,1488333292,1488333952
1243,123050_1..S02R,1,Tuesday,1488333406,1488334066
1243,123550_1..S02R,1,Tuesday,1488333676,1488334336
1243,124050_1..S02R,1,Tuesday,1488334024,1488334684
1243,124550_1..S02R,1,Tuesday,1488334320,1488334980
1243,125050_1..S02R,1,Tuesday,1488334620,1488335280
1243,125550_1..S02R,1,Tuesday,1488334920,1488335580
1243,126050_1..S02R,1,Tuesday,1488335220,1488335880
1243,126550_1..S02R,1,Tuesday,1488335520,1488336180
1243,127050_1..S02R,1,Tuesday,1488335820,1488336480
1243,127650_1..S02R,1,Tuesday,1488336180,1488336840
1243,119550_2..S01R,2,Tuesday,1488332742,1488333162
1243,120350_2..S01R,2,Tuesday,1488332901,1488333321
1243,121400_2..S01R,2,Tuesday,1488333596,1488333986
1243,122400_2..S01R,2,Tuesday,1488334178,1488334568
1243,123400_2..S01R,2,Tuesday,1488334722,1488335112
1243,124600_2..S01R,2,Tuesday,1488335370,1488335760
1243,125800_2..S01R,2,Tuesday,1488336090,1488336480
1243,126950_2..S01R,2,Tuesday,1488336810,1488337200
1243,127600_2..S01R,2,Tuesday,1488337170,1488337560
1243,124000_3..S01R,3,Tuesday,1488333137,1488333557
1243,125000_3..S01R,3,Tuesday,1488333750,1488334140
1243,126000_3..S01R,3,Tuesday,1488334350,1488334740
1243,127200_3..S01R,3,Tuesday,1488335070,1488335460
1244,121050_1..S02R,1,Tuesday,1488333032,1488333692
1244,122050_1..S02R,1,Tuesday,1488333142,1488333802
1244,122550_1..S02R,1,Tuesday,1488333292,1488333952
1244,123050_1..S02R,1,Tuesday,1488333406,1488334066
1244,123550_1..S02R,1,Tuesday,1488333716,1488334376
1244,124050_1..S02R,1,Tuesday,1488334002,1488334662
1244,124550_1..S02R,1,Tuesday,1488334320,1488334980
1244,125050_1..S02R,1,Tuesday,1488334620,1488335280
1244,125550_1..S02R,1,Tuesday,1488334920,1488335580
1244,126050_1..S02R,1,Tuesday,1488335220,1488335880
1244,126550_1..S02R,1,Tuesday,1488335520,1488336180
1244,127050_1..S02R,1,Tuesday,1488335820,1488336480
1244,127650_1..S02R,1,Tuesday,1488336180,1488336840
1244,119550_2..S01R,2,Tuesday,1488332671,1488333091
1244,120350_2..S01R,2,Tuesday,1488332922,1488333342
1244,121400_2..S01R,2,Tuesday,1488333596,1488333986
1244,122400_2..S01R,2,Tuesday,1488334207,1488334597
1244,123400_2..S01R,2,Tuesday,1488334700,1488335090
1244,124600_2..S01R,2,Tuesday,1488335370,1488335760
1244,125800_2..S01R,2,Tuesday,1488336090,1488336480
1244,126950_2..S01R,2,Tuesday,1488336810,1488337200
1244,127600_2..S01R,2,Tuesday,1488337170,1488337560
1244,124000_3..S01R,3,Tuesday,1488333154,1488333574
1244,125000_3..S01R,3,Tuesday,1488333750,1488334140
1244,126000_3..S01R,3,Tuesday,1488334350,1488334740
1244,127200_3..S01R,3,Tuesday,1488335070,1488335460
1244,121050_1..S02R,1,Tuesday,1488333058,1488333718
1244,122050_1..S02R,1,Tuesday,1488333163,1488333823
1244,122550_1..S02R,1,Tuesday,1488333282,1488333942
1244,123050_1..S02R,1,Tuesday,1488333399,1488334059
1244,123550_1..S02R,1,Tuesday,1488333698,1488334358
1244,124050_1..S02R,1,Tuesday,1488334002,1488334662
1244,124550_1..S02R,1,Tuesday,1488334320,1488334980
1244,125050_1..S02R,1,Tuesday,1488334620,1488335280
1244,125550_1..S02R,1,Tuesday,1488334920,1488335580
1244,126050_1..S02R,1,Tuesday,1488335220,1488335880
1244,126550_1..S02R,1,Tuesday,1488335520,1488336180
1244,127050_1..S02R,1,Tuesday,1488335820,1488336480
1244,127650_1..S02R,1,Tuesday,1488336180,1488336840
1244,119550_2..S01R,2,Tuesday,1488332671,1488333091
1244,120350_2..S01R,2,Tuesday,1488332922,1488333342
1244,121400_2..S01R,2,Tuesday,1488333543,1488333933
1244,122400_2..S01R,2,Tuesday,1488334207,1488334597
1244,123400_2..S01R,2,Tuesday,1488334700,1488335090
1244,124600_2..S01R,2,Tuesday,1488335370,1488335760
1244,125800_2..S01R,2,Tuesday,1488336090,1488336480
1244,126950_2..S01R,2,Tuesday,1488336810,1488337200
1244,127600_2..S01R,2,Tuesday,1488337170,1488337560
1244,124000_3..S01R,3,Tuesday,1488333148,1488333568
1244,125000_3..S01R,3,Tuesday,1488333750,1488334140
1244,126000_3..S01R,3,Tuesday,1488334350,1488334740
1244,127200_3..S01R,3,Tuesday,1488335070,1488335460
1245,121050_1..S02R,1,Tuesday,1488333058,1488333718
1245,122050_1..S02R,1,Tuesday,1488333163,1488333823
1245,122550_1..S02R,1,Tuesday,1488333282,1488333942
1245,123050_1..S02R,1,Tuesday,1488333399,1488334059
1245,123550_1..S02R,1,Tuesday,1488333698,1488334358
1245,124050_1..S02R,1,Tuesday,1488334017,1488334677
1245,124550_1..S02R,1,Tuesday,1488334320,1488334980
1245,125050_1..S02R,1,Tuesday,1488334620,1488335280
1245,125550_1..S02R,1,Tuesday,1488334920,1488335580
1245,126050_1..S02R,1,Tuesday,1488335220,1488335880
1245,126550_1..S02R,1,Tuesday,1488335520,1488336180
1245,127050_1..S02R,1,Tuesday,1488335820,1488336480
1245,127650_1..S02R,1,Tuesday,1488336180,1488336840
1245,120350_2..S01R,2,Tuesday,1488332922,1488333342
1245,121400_2..S01R,2,Tuesday,1488333543,1488333933
1245,122400_2..S01R,2,Tuesday,1488334176,1488334566
1245,123400_2..S01R,2,Tuesday,1488334716,1488335106
1245,124600_2..S01R,2,Tuesday,1488335370,1488335760
1245,125800_2..S01R,2,Tuesday,1488336090,1488336480
1245,126950_2..S01R,2,Tuesday,1488336810,1488337200
1245,127600_2..S01R,2,Tuesday,1488337170,1488337560
1245,124000_3..S01R,3,Tuesday,1488333145,1488333565
1245,125000_3..S01R,3,Tuesday,1488333750,1488334140
1245,126000_3..S01R,3,Tuesday,1488334350,1488334740
1245,127200_3..S01R,3,Tuesday,1488335070,1488335460
1245,121050_1..S02R,1,Tuesday,1488333007,1488333667
1245,122050_1..S02R,1,Tuesday,1488333152,1488333812
1245,122550_1..S02R,1,Tuesday,1488333297,1488333957
1245,123050_1..S02R,1,Tuesday,1488333414,1488334074
1245,123550_1..S02R,1,Tuesday,1488333719,1488334379
1245,124050_1..S02R,1,Tuesday,1488334020,1488334680
1245,124550_1..S02R,1,Tuesday,1488334280,1488334940
1245,125050_1..S02R,1,Tuesday,1488334620,1488335280
1245,125550_1..S02R,1,Tuesday,1488334920,1488335580
1245,126050_1..S02R,1,Tuesday,1488335220,1488335880
1245,126550_1..S02R,1,Tuesday,1488335520,1488336180
1245,127050_1..S02R,1,Tuesday,1488335820,1488336480
1245,127650_1..S02R,1,Tuesday,1488336180,1488336840
1245,120350_2..S01R,2,Tuesday,1488332922,1488333342
1245,121400_2..S01R,2,Tuesday,1488333566,1488333956
1245,122400_2..S01R,2,Tuesday,1488334176,1488334566
1245,123400_2..S01R,2,Tuesday,1488334678,1488335068
1245,124600_2..S01R,2,Tuesday,1488335370,1488335760
1245,125800_2..S01R,2,Tuesday,1488336090,1488336480
1245,126950_2..S01R,2,Tuesday,1488336810,1488337200
1245,127600_2..S01R,2,Tuesday,1488337170,1488337560
1245,124000_3..S01R,3,Tuesday,1488333157,1488333577
1245,125000_3..S01R,3,Tuesday,1488333750,1488334140
1245,126000_3..S01R,3,Tuesday,1488334350,1488334740
1245,127200_3..S01R,3,Tuesday,1488335070,1488335460
1246,121050_1..S02R,1,Tuesday,1488333007,1488333667
1246,122050_1..S02R,1,Tuesday,1488333164,1488333824
1246,122550_1..S02R,1,Tuesday,1488333278,1488333938
1246,123050_1..S02R,1,Tuesday,1488333414,1488334074
1246,123550_1..S02R,1,Tuesday,1488333708,1488334368
1246,124050_1..S02R,1,Tuesday,1488334012,1488334672
1246,124550_1..S02R,1,Tuesday,1488334280,1488334940
1246,125050_1..S02R,1,Tuesday,1488334620,1488335280
1246,125550_1..S02R,1,Tuesday,1488334920,1488335580
1246,126050_1..S02R,1,Tuesday,1488335220,1488335880
1246,126550_1..S02R,1,Tuesday,1488335520,1488336180
1246,127050_1..S02R,1,Tuesday,1488335820,1488336480
1246,127650_1..S02R,1,Tuesday,1488336180,1488336840
1246,120350_2..S01R,2,Tuesday,1488332922,1488333342
1246,121400_2..S01R,2,Tuesday,1488333566,1488333956
1246,122400_2..S01R,2,Tuesday,1488334202,1488334592
1246,123400_2..S01R,2,Tuesday,1488334679,1488335069
1246,124600_2..S01R,2,Tuesday,1488335370,1488335760
1246,125800_2..S01R,2,Tuesday,1488336090,1488336480
1246,126950_2..S01R,2,Tuesday,1488336810,1488337200
1246,127600_2..S01R,2,Tuesday,1488337170,1488337560
1246,124000_3..S01R,3,Tuesday,1488333146,1488333566
1246,125000_3..S01R,3,Tuesday,1488333750,1488334140
1246,126000_3..S01R,3,Tuesday,1488334350,1488334740
1246,127200_3..S01R,3,Tuesday,1488335070,1488335460
1246,121050_1..S02R,1,Tuesday,1488333042,1488333702
1246,122050_1..S02R,1,Tuesday,1488333164,1488333824
1246,122550_1..S02R,1,Tuesday,1488333278,1488333938
1246,123050_1..S02R,1,Tuesday,1488333401,1488334061
1246,123550_1..S02R,1,Tuesday,1488333708,1488334368
1246,124050_1..S02R,1,Tuesday,1488334026,1488334686
1246,124550_1..S02R,1,Tuesday,1488334297,1488334957
1246,125050_1..S02R,1,Tuesday,1488334620,1488335280
1246,125550_1..S02R,1,Tuesday,1488334920,1488335580
1246,126050_1..S02R,1,Tuesday,1488335220,1488335880
1246,126550_1..S02R,1,Tuesday,1488335520,1488336180
1246,127050_1..S02R,1,Tuesday,1488335820,1488336480
1246,127650_1..S02R,1,Tuesday,1488336180,1488336840
1246,120350_2..S01R,2,Tuesday,1488332922,1488333342
1246,121400_2..S01R,2,Tuesday,1488333543,1488333933
1246,122400_2..S01R,2,Tuesday,1488334164,1488334554
1246,123400_2..S01R,2,Tuesday,1488334696,1488335086
1246,124600_2..S01R,2,Tuesday,1488335370,1488335760
1246,125800_2..S01R,2,Tuesday,1488336090,1488336480
1246,126950_2..S01R,2,Tuesday,1488336810,1488337200
1246,127600_2..S01R,2,Tuesday,1488337170,1488337560
1246,124000_3..S01R,3,Tuesday,1488333141,1488333561
1246,125000_3..S01R,3,Tuesday,1488333750,1488334140
1246,126000_3..S01R,3,Tuesday,1488334350,1488334740
1246,127200_3..S01R,3,Tuesday,1488335070,1488335460
1247,121050_1..S02R,1,Tuesday,1488333040,1488333700
1247,122050_1..S02R,1,Tuesday,1488333164,1488333824
1247,122550_1..S02R,1,Tuesday,1488333308,1488333968
1247,123050_1..S02R,1,Tuesday,1488333401,1488334061
1247,123550_1..S02R,1,Tuesday,1488333708,1488334368
1247,124050_1..S02R,1,Tuesday,1488334029,1488334689
1247,124550_1..S02R,1,Tuesday,1488334279,1488334939
1247,125050_1..S02R,1,Tuesday,1488334620,1488335280
1247,125550_1..S02R,1,Tuesday,1488334920,1488335580
1247,126050_1..S02R,1,Tuesday,1488335220,1488335880
1247,126550_1..S02R,1,Tuesday,1488335520,1488336180
1247,127050_1..S02R,1,Tuesday,1488335820,1488336480
1247,127650_1..S02R,1,Tuesday,1488336180,1488336840
1247,120350_2..S01R,2,Tuesday,1488332922,1488333342
1247,121400_2..S01R,2,Tuesday,1488333543,1488333933
1247,122400_2..S01R,2,Tuesday,1488334164,1488334554
1247,123400_2..S01R,2,Tuesday,1488334696,1488335086
1247,124600_2..S01R,2,Tuesday,1488335430,1488335820
1247,125800_2..S01R,2,Tuesday,1488336090,1488336480
1247,126950_2..S01R,2,Tuesday,1488336810,1488337200
1247,127600_2..S01R,2,Tuesday,1488337170,1488337560
1247,124000_3..S01R,3,Tuesday,1488333152,1488333572
1247,125000_3..S01R,3,Tuesday,1488333750,1488334140
1247,126000_3..S01R,3,Tuesday,1488334350,1488334740
1247,127200_3..S01R,3,Tuesday,1488335070,1488335460
1247,121050_1..S02R,1,Tuesday,1488333040,1488333700
1247,122050_1..S02R,1,Tuesday,1488333128,1488333788
1247,122550_1..S02R,1,Tuesday,1488333299,1488333959
1247,123050_1..S02R,1,Tuesday,1488333416,1488334076
1247,123550_1..S02R,1,Tuesday,1488333741,1488334401
1247,124050_1..S02R,1,Tuesday,1488334029,1488334689
1247,124550_1..S02R,1,Tuesday,1488334279,1488334939
1247,125050_1..S02R,1,Tuesday,1488334620,1488335280
1247,125550_1..S02R,1,Tuesday,1488334920,1488335580
1247,126050_1..S02R,1,Tuesday,1488335220,1488335880
1247,126550_1..S02R,1,Tuesday,1488335520,1488336180
1247,127050_1..S02R,1,Tuesday,1488335820,1488336480
1247,127650_1..S02R,1,Tuesday,1488336180,1488336840
1247,120350_2..S01R,2,Tuesday,1488332897,1488333317
1247,121400_2..S01R,2,Tuesday,1488333580,1488333970
1247,122400_2..S01R,2,Tuesday,1488334185,1488334575
1247,123400_2..S01R,2,Tuesday,1488334678,1488335068
1247,124600_2..S01R,2,Tuesday,1488335429,1488335819
1247,125800_2..S01R,2,Tuesday,1488336090,1488336480
1247,126950_2..S01R,2,Tuesday,1488336810,1488337200
1247,127600_2..S01R,2,Tuesday,1488337170,1488337560
1247,124000_3..S01R,3,Tuesday,1488333148,1488333568
1247,125000_3..S01R,3,Tuesday,1488333750,1488334140
1247,126000_3..S01R,3,Tuesday,1488334350,1488334740
1247,127200_3..S01R,3,Tuesday,1488335070,1488335460
1248,121050_1..S02R,1,Tuesday,1488333070,1488333730
1248,122050_1..S02R,1,Tuesday,1488333128,1488333788
1248,122550_1..S02R,1,Tuesday,1488333293,1488333953
1248,123050_1..S02R,1,Tuesday,1488333412,1488334072
1248,123550_1..S02R,1,Tuesday,1488333746,1488334406
1248,124050_1..S02R,1,Tuesday,1488334041,1488334701
1248,124550_1..S02R,1,Tuesday,1488334292,1488334952
1248,125050_1..S02R,1,Tuesday,1488334620,1488335280
1248,125550_1..S02R,1,Tuesday,1488334920,1488335580
1248,126050_1..S02R,1,Tuesday,1488335220,1488335880
1248,126550_1..S02R,1,Tuesday,1488335520,1488336180
1248,127050_1..S02R,1,Tuesday,1488335820,1488336480
1248,127650_1..S02R,1,Tuesday,1488336180,1488336840
1248,120350_2..S01R,2,Tuesday,1488332897,1488333317
1248,121400_2..S01R,2,Tuesday,1488333580,1488333970
1248,122400_2..S01R,2,Tuesday,1488334185,1488334575
1248,123400_2..S01R,2,Tuesday,1488334675,1488335065
1248,124600_2..S01R,2,Tuesday,1488335445,1488335835
1248,125800_2..S01R,2,Tuesday,1488336090,1488336480
1248,126950_2..S01R,2,Tuesday,1488336810,1488337200
1248,127600_2..S01R,2,Tuesday,1488337170,1488337560
1248,124000_3..S01R,3,Tuesday,1488333168,1488333588
1248,125000_3..S01R,3,Tuesday,1488333750,1488334140
1248,126000_3..S01R,3,Tuesday,1488334350,1488334740
1248,127200_3..S01R,3,Tuesday,1488335070,1488335460
1248,121050_1..S02R,1,Tuesday,1488333070,1488333730
1248,122050_1..S02R,1,Tuesday,1488333153,1488333813
1248,122550_1..S02R,1,Tuesday,1488333293,1488333953
1248,123050_1..S02R,1,Tuesday,1488333411,1488334071
1248,123550_1..S02R,1,Tuesday,1488333746,1488334406
1248,124050_1..S02R,1,Tuesday,1488334027,1488334687
1248,124550_1..S02R,1,Tuesday,1488334270,1488334930
1248,125050_1..S02R,1,Tuesday,1488334620,1488335280
1248,125550_1..S02R,1,Tuesday,1488334920,1488335580
1248,126050_1..S02R,1,Tuesday,1488335220,1488335880
1248,126550_1..S02R,1,Tuesday,1488335520,1488336180
1248,127050_1..S02R,1,Tuesday,1488335820,1488336480
1248,127650_1..S02R,1,Tuesday,1488336180,1488336840
1248,128250_1..S02R,1,Tuesday,1488336540,1488337200
1248,121400_2..S01R,2,Tuesday,1488333588,1488333978
1248,122400_2..S01R,2,Tuesday,1488334170,1488334560
1248,123400_2..S01R,2,Tuesday,1488334694,1488335084
1248,124600_2..S01R,2,Tuesday,1488335445,1488335835
1248,125800_2..S01R,2,Tuesday,1488336090,1488336480
1248,126950_2..S01R,2,Tuesday,1488336810,1488337200
1248,127600_2..S01R,2,Tuesday,1488337170,1488337560
1248,128000_2..S01R,2,Tuesday,1488337530,1488337920
1248,124000_3..S01R,3,Tuesday,1488333168,1488333588
1248,125000_3..S01R,3,Tuesday,1488333750,1488334140
1248,126000_3..S01R,3,Tuesday,1488334350,1488334740
1248,127200_3..S01R,3,Tuesday,1488335070,1488335460
1249,121050_1..S02R,1,Tuesday,1488333092,1488333752
1249,122050_1..S02R,1,Tuesday,1488333175,1488333835
1249,122550_1..S02R,1,Tuesday,1488333321,1488333981
1249,123050_1..S02R,1,Tuesday,1488333430,1488334090
1249,123550_1..S02R,1,Tuesday,1488333754,1488334414
1249,124050_1..S02R,1,Tuesday,1488334042,1488334702
1249,124550_1..S02R,1,Tuesday,1488334292,1488334952
1249,125050_1..S02R,1,Tuesday,1488334541,1488335201
1249,125550_1..S02R,1,Tuesday,1488334920,1488335580
1249,126050_1..S02R,1,Tuesday,1488335220,1488335880
1249,126550_1..S02R,1,Tuesday,1488335520,1488336180
1249,127050_1..S02R,1,Tuesday,1488335820,1488336480
1249,127650_1..S02R,1,Tuesday,1488336180,1488336840
1249,128250_1..S02R,1,Tuesday,1488336540,1488337200
1249,121400_2..S01R,2,Tuesday,1488333588,1488333978
1249,122400_2..S01R,2,Tuesday,1488334166,1488334556
1249,123400_2..S01R,2,Tuesday,1488334694,1488335084
1249,124600_2..S01R,2,Tuesday,1488335467,1488335857
1249,125800_2..S01R,2,Tuesday,1488336090,1488336480
1249,126950_2..S01R,2,Tuesday,1488336810,1488337200
1249,127600_2..S01R,2,Tuesday,1488337170,1488337560
1249,128000_2..S01R,2,Tuesday,1488337530,1488337920
1249,124000_3..S01R,3,Tuesday,1488333168,1488333588
1249,125000_3..S01R,3,Tuesday,1488333750,1488334140
1249,126000_3..S01R,3,Tuesday,1488334350,1488334740
1249,127200_3..S01R,3,Tuesday,1488335070,1488335460
1249,121050_1..S02R,1,Tuesday,1488333092,1488333752
1249,122050_1..S02R,1,Tuesday,1488333175,1488333835
1249,122550_1..S02R,1,Tuesday,1488333321,1488333981
1249,123050_1..S02R,1,Tuesday,1488333430,1488334090
1249,123550_1..S02R,1,Tuesday,1488333799,1488334459
1249,124050_1..S02R,1,Tuesday,1488334042,1488334702
1249,124550_1..S02R,1,Tuesday,1488334292,1488334952
1249,125050_1..S02R,1,Tuesday,1488334541,1488335201
1249,125550_1..S02R,1,Tuesday,1488334920,1488335580
1249,126050_1..S02R,1,Tuesday,1488335220,1488335880
1249,126550_1..S02R,1,Tuesday,1488335520,1488336180
1249,127050_1..S02R,1,Tuesday,1488335820,1488336480
1249,127650_1..S02R,1,Tuesday,1488336180,1488336840
1249,128250_1..S02R,1,Tuesday,1488336540,1488337200
1249,121400_2..S01R,2,Tuesday,1488333588,1488333978
1249,122400_2..S01R,2,Tuesday,1488334166,1488334556
1249,123400_2..S01R,2,Tuesday,1488334695,1488335085
1249,124600_2..S01R,2,Tuesday,1488335445,1488335835
1249,125800_2..S01R,2,Tuesday,1488336090,1488336480
1249,126950_2..S01R,2,Tuesday,1488336810,1488337200
1249,127600_2..S01R,2,Tuesday,1488337170,1488337560
1249,128000_2..S01R,2,Tuesday,1488337530,1488337920
1249,124000_3..S01R,3,Tuesday,1488333168,1488333588
1249,125000_3..S01R,3,Tuesday,1488333750,1488334140
1249,126000_3..S01R,3,Tuesday,1488334350,1488334740
1249,127200_3..S01R,3,Tuesday,1488335070,1488335460
1250,121050_1..S02R,1,Tuesday,1488333121,1488333781
1250,122050_1..S02R,1,Tuesday,1488333199,1488333859
1250,122550_1..S02R,1,Tuesday,1488333274,1488333934
1250,123050_1..S02R,1,Tuesday,1488333433,1488334093
1250,123550_1..S02R,1,Tuesday,1488333821,1488334481
1250,124050_1..S02R,1,Tuesday,1488334023,1488334683
1250,124550_1..S02R,1,Tuesday,1488334281,1488334941
1250,125050_1..S02R,1,Tuesday,1488334539,1488335199
1250,125550_1..S02R,1,Tuesday,1488334920,1488335580
1250,126050_1..S02R,1,Tuesday,1488335220,1488335880
1250,126550_1..S02R,1,Tuesday,1488335520,1488336180
1250,127050_1..S02R,1,Tuesday,1488335820,1488336480
1250,127650_1..S02R,1,Tuesday,1488336180,1488336840
1250,128250_1..S02R,1,Tuesday,1488336540,1488337200
1250,121400_2..S01R,2,Tuesday,1488333686,1488334076
1250,122400_2..S01R,2,Tuesday,1488334184,1488334574
1250,123400_2..S01R,2,Tuesday,1488334705,1488335095
1250,124600_2..S01R,2,Tuesday,1488335461,1488335851
1250,125800_2..S01R,2,Tuesday,1488336090,1488336480
1250,126950_2..S01R,2,Tuesday,1488336810,1488337200
1250,127600_2..S01R,2,Tuesday,1488337170,1488337560
1250,128000_2..S01R,2,Tuesday,1488337530,1488337920
1250,124000_3..S01R,3,Tuesday,1488333168,1488333588
1250,125000_3..S01R,3,Tuesday,1488333749,1488334139
1250,126000_3..S01R,3,Tuesday,1488334350,1488334740
1250,127200_3..S01R,3,Tuesday,1488335070,1488335460
1250,121050_1..S02R,1,Tuesday,1488333121,1488333781
1250,122050_1..S02R,1,Tuesday,1488333199,1488333859
1250,122550_1..S02R,1,Tuesday,1488333274,1488333934
1250,123050_1..S02R,1,Tuesday,1488333433,1488334093
1250,123550_1..S02R,1,Tuesday,1488333821,1488334481
1250,124050_1..S02R,1,Tuesday,1488334038,1488334698
1250,124550_1..S02R,1,Tuesday,1488334281,1488334941
1250,125050_1..S02R,1,Tuesday,1488334539,1488335199
1250,125550_1..S02R,1,Tuesday,1488334920,1488335580
1250,126050_1..S02R,1,Tuesday,1488335220,1488335880
1250,126550_1..S02R,1,Tuesday,1488335520,1488336180
1250,127050_1..S02R,1,Tuesday,1488335820,1488336480
1250,127650_1..S02R,1,Tuesday,1488336180,1488336840
1250,128250_1..S02R,1,Tuesday,1488336540,1488337200
1250,121400_2..S01R,2,Tuesday,1488333686,1488334076
1250,122400_2..S01R,2,Tuesday,1488334184,1488334574
1250,123400_2..S01R,2,Tuesday,1488334705,1488335095
1250,124600_2..S01R,2,Tuesday,1488335461,1488335851
1250,125800_2..S01R,2,Tuesday,1488336090,1488336480
1250,126950_2..S01R,2,Tuesday,1488336810,1488337200
1250,127600_2..S01R,2,Tuesday,1488337170,1488337560
1250,128000_2..S01R,2,Tuesday,1488337530,1488337920
1250,124000_3..S01R,3,Tuesday,1488333168,1488333588
1250,125000_3..S01R,3,Tuesday,1488333713,1488334103
1250,126000_3..S01R,3,Tuesday,1488334350,1488334740
1250,127200_3..S01R,3,Tuesday,1488335070,1488335460
1251,121050_1..S02R,1,Tuesday,1488333111,1488333771
1251,122050_1..S02R,1,Tuesday,1488333216,1488333876
1251,122550_1..S02R,1,Tuesday,1488333311,1488333971
1251,123050_1..S02R,1,Tuesday,1488333454,1488334114
1251,123550_1..S02R,1,Tuesday,1488333838,1488334498
1251,124050_1..S02R,1,Tuesday,1488334032,1488334692
1251,124550_1..S02R,1,Tuesday,1488334303,1488334963
1251,125050_1..S02R,1,Tuesday,1488334545,1488335205
1251,125550_1..S02R,1,Tuesday,1488334920,1488335580
1251,126050_1..S02R,1,Tuesday,1488335220,1488335880
1251,126550_1..S02R,1,Tuesday,1488335520,1488336180
1251,127050_1..S02R,1,Tuesday,1488335820,1488336480
1251,127650_1..S02R,1,Tuesday,1488336180,1488336840
1251,128250_1..S02R,1,Tuesday,1488336540,1488337200
1251,121400_2..S01R,2,Tuesday,1488333631,1488334021
1251,122400_2..S01R,2,Tuesday,1488334206,1488334596
1251,123400_2..S01R,2,Tuesday,1488334733,1488335123
1251,124600_2..S01R,2,Tuesday,1488335436,1488335826
1251,125800_2..S01R,2,Tuesday,1488336090,1488336480
1251,126950_2..S01R,2,Tuesday,1488336810,1488337200
1251,127600_2..S01R,2,Tuesday,1488337170,1488337560
1251,128000_2..S01R,2,Tuesday,1488337530,1488337920
1251,124000_3..S01R,3,Tuesday,1488333174,1488333594
1251,125000_3..S01R,3,Tuesday,1488333718,1488334108
1251,126000_3..S01R,3,Tuesday,1488334350,1488334740
1251,127200_3..S01R,3,Tuesday,1488335070,1488335460
1252,121050_1..S02R,1,Tuesday,1488333111,1488333771
1252,122050_1..S02R,1,Tuesday,1488333243,1488333903
1252,122550_1..S02R,1,Tuesday,1488333306,1488333966
1252,123050_1..S02R,1,Tuesday,1488333403,1488334063
1252,123550_1..S02R,1,Tuesday,1488333829,1488334489
1252,124050_1..S02R,1,Tuesday,1488334027,1488334687
1252,124550_1..S02R,1,Tuesday,1488334299,1488334959
1252,125050_1..S02R,1,Tuesday,1488334540,1488335200
1252,125550_1..S02R,1,Tuesday,1488334920,1488335580
1252,126050_1..S02R,1,Tuesday,1488335220,1488335880
1252,126550_1..S02R,1,Tuesday,1488335520,1488336180
1252,127050_1..S02R,1,Tuesday,1488335820,1488336480
1252,127650_1..S02R,1,Tuesday,1488336180,1488336840
1252,128250_1..S02R,1,Tuesday,1488336540,1488337200
1252,121400_2..S01R,2,Tuesday,1488333631,1488334021
1252,122400_2..S01R,2,Tuesday,1488334207,1488334597
1252,123400_2..S01R,2,Tuesday,1488334733,1488335123
1252,124600_2..S01R,2,Tuesday,1488335453,1488335843
1252,125800_2..S01R,2,Tuesday,1488336090,1488336480
1252,126950_2..S01R,2,Tuesday,1488336810,1488337200
1252,127600_2..S01R,2,Tuesday,1488337170,1488337560
1252,128000_2..S01R,2,Tuesday,1488337530,1488337920
1252,124000_3..S01R,3,Tuesday,1488333150,1488333570
1252,125000_3..S01R,3,Tuesday,1488333729,1488334119
1252,126000_3..S01R,3,Tuesday,1488334350,1488334740
1252,127200_3..S01R,3,Tuesday,1488335070,1488335460
1252,121050_1..S02R,1,Tuesday,1488333111,1488333771
1252,122050_1..S02R,1,Tuesday,1488333243,1488333903
1252,122550_1..S02R,1,Tuesday,1488333328,1488333988
1252,123050_1..S02R,1,Tuesday,1488333396,1488334056
1252,123550_1..S02R,1,Tuesday,1488333844,1488334504
1252,124050_1..S02R,1,Tuesday,1488334042,1488334702
1252,124550_1..S02R,1,Tuesday,1488334312,1488334972
1252,125050_1..S02R,1,Tuesday,1488334557,1488335217
1252,125550_1..S02R,1,Tuesday,1488334920,1488335580
1252,126050_1..S02R,1,Tuesday,1488335220,1488335880
1252,126550_1..S02R,1,Tuesday,1488335520,1488336180
1252,127050_1..S02R,1,Tuesday,1488335820,1488336480
1252,127650_1..S02R,1,Tuesday,1488336180,1488336840
1252,128250_1..S02R,1,Tuesday,1488336540,1488337200
1252,121400_2..S01R,2,Tuesday,1488333652,1488334042
1252,122400_2..S01R,2,Tuesday,1488334229,1488334619
1252,123400_2..S01R,2,Tuesday,1488334751,1488335141
1252,124600_2..S01R,2,Tuesday,1488335448,1488335838
1252,125800_2..S01R,2,Tuesday,1488336090,1488336480
1252,126950_2..S01R,2,Tuesday,1488336810,1488337200
1252,127600_2..S01R,2,Tuesday,1488337170,1488337560
1252,128000_2..S01R,2,Tuesday,1488337530,1488337920
1252,124000_3..S01R,3,Tuesday,1488333150,1488333570
1252,125000_3..S01R,3,Tuesday,1488333729,1488334119
1252,126000_3..S01R,3,Tuesday,1488334350,1488334740
1252,127200_3..S01R,3,Tuesday,1488335070,1488335460
1253,122050_1..S02R,1,Tuesday,1488333243,1488333903
1253,122550_1..S02R,1,Tuesday,1488333328,1488333988
1253,123050_1..S02R,1,Tuesday,1488333422,1488334082
1253,123550_1..S02R,1,Tuesday,1488333844,1488334504
1253,124050_1..S02R,1,Tuesday,1488334042,1488334702
1253,124550_1..S02R,1,Tuesday,1488334304,1488334964
1253,125050_1..S02R,1,Tuesday,1488334535,1488335195
1253,125550_1..S02R,1,Tuesday,1488334920,1488335580
1253,126050_1..S02R,1,Tuesday,1488335220,1488335880
1253,126550_1..S02R,1,Tuesday,1488335520,1488336180
1253,127050_1..S02R,1,Tuesday,1488335820,1488336480
1253,127650_1..S02R,1,Tuesday,1488336180,1488336840
1253,128250_1..S02R,1,Tuesday,1488336540,1488337200
1253,121400_2..S01R,2,Tuesday,1488333652,1488334042
1253,122400_2..S01R,2,Tuesday,1488334228,1488334618
1253,123400_2..S01R,2,Tuesday,1488334751,1488335141
1253,124600_2..S01R,2,Tuesday,1488335448,1488335838
1253,125800_2..S01R,2,Tuesday,1488336090,1488336480
1253,126950_2..S01R,2,Tuesday,1488336810,1488337200
1253,127600_2..S01R,2,Tuesday,1488337170,1488337560
1253,128000_2..S01R,2,Tuesday,1488337530,1488337920
1253,125000_3..S01R,3,Tuesday,1488333729,1488334119
1253,126000_3..S01R,3,Tuesday,1488334350,1488334740
1253,127200_3..S01R,3,Tuesday,1488335070,1488335460
1253,122050_1..S02R,1,Tuesday,1488333259,1488333919
1253,122550_1..S02R,1,Tuesday,1488333350,1488334010
1253,123050_1..S02R,1,Tuesday,1488333434,1488334094
1253,123550_1..S02R,1,Tuesday,1488333844,1488334504
1253,124050_1..S02R,1,Tuesday,1488334031,1488334691
1253,124550_1..S02R,1,Tuesday,1488334298,1488334958
1253,125050_1..S02R,1,Tuesday,1488334535,1488335195
1253,125550_1..S02R,1,Tuesday,1488334920,1488335580
1253,126050_1..S02R,1,Tuesday,1488335220,1488335880
1253,126550_1..S02R,1,Tuesday,1488335520,1488336180
1253,127050_1..S02R,1,Tuesday,1488335820,1488336480
1253,127650_1..S02R,1,Tuesday,1488336180,1488336840
1253,128250_1..S02R,1,Tuesday,1488336540,1488337200
1253,121400_2..S01R,2,Tuesday,1488333645,1488334035
1253,122400_2..S01R,2,Tuesday,1488334213,1488334603
1253,123400_2..S01R,2,Tuesday,1488334751,1488335141
1253,124600_2..S01R,2,Tuesday,1488335465,1488335855
1253,125800_2..S01R,2,Tuesday,1488336090,1488336480
1253,126950_2..S01R,2,Tuesday,1488336810,1488337200
1253,127600_2..S01R,2,Tuesday,1488337170,1488337560
1253,128000_2..S01R,2,Tuesday,1488337530,1488337920
1253,125000_3..S01R,3,Tuesday,1488333737,1488334127
1253,126000_3..S01R,3,Tuesday,1488334350,1488334740
1253,127200_3..S01R,3,Tuesday,1488335070,1488335460
1254,122050_1..S02R,1,Tuesday,1488333261,1488333921
1254,122550_1..S02R,1,Tuesday,1488333350,1488334010
1254,123050_1..S02R,1,Tuesday,1488333431,1488334091
1254,123550_1..S02R,1,Tuesday,1488333823,1488334483
1254,124050_1..S02R,1,Tuesday,1488334026,1488334686
1254,124550_1..S02R,1,Tuesday,1488334313,1488334973
1254,125050_1..S02R,1,Tuesday,1488334550,1488335210
1254,125550_1..S02R,1,Tuesday,1488334920,1488335580
1254,126050_1..S02R,1,Tuesday,1488335220,1488335880
1254,126550_1..S02R,1,Tuesday,1488335520,1488336180
1254,127050_1..S02R,1,Tuesday,1488335820,1488336480
1254,127650_1..S02R,1,Tuesday,1488336180,1488336840
1254,128250_1..S02R,1,Tuesday,1488336540,1488337200
1254,128850_1..S02R,1,Tuesday,1488336900,1488337560
1254,121400_2..S01R,2,Tuesday,1488333645,1488334035
1254,122400_2..S01R,2,Tuesday,1488334213,1488334603
1254,123400_2..S01R,2,Tuesday,1488334780,1488335170
1254,124600_2..S01R,2,Tuesday,1488335446,1488335836
1254,125800_2..S01R,2,Tuesday,1488336090,1488336480
1254,126950_2..S01R,2,Tuesday,1488336810,1488337200
1254,127600_2..S01R,2,Tuesday,1488337170,1488337560
1254,128000_2..S01R,2,Tuesday,1488337530,1488337920
1254,125000_3..S01R,3,Tuesday,1488333737,1488334127
1254,126000_3..S01R,3,Tuesday,1488334350,1488334740
1254,127200_3..S01R,3,Tuesday,1488335070,1488335460
1254,128400_3..S01R,3,Tuesday,1488335790,1488336180
1254,122050_1..S02R,1,Tuesday,1488333261,1488333921
1254,122550_1..S02R,1,Tuesday,1488333350,1488334010
1254,123050_1..S02R,1,Tuesday,1488333453,1488334113
1254,123550_1..S02R,1,Tuesday,1488333836,1488334496
1254,124050_1..S02R,1,Tuesday,1488334040,1488334700
1254,124550_1..S02R,1,Tuesday,1488334293,1488334953
1254,125050_1..S02R,1,Tuesday,1488334550,1488335210
1254,125550_1..S02R,1,Tuesday,1488334920,1488335580
1254,126050_1..S02R,1,Tuesday,1488335220,1488335880
1254,126550_1..S02R,1,Tuesday,1488335520,1488336180
1254,127050_1..S02R,1,Tuesday,1488335820,1488336480
1254,127650_1..S02R,1,Tuesday,1488336180,1488336840
1254,128250_1..S02R,1,Tuesday,1488336540,1488337200
1254,128850_1..S02R,1,Tuesday,1488336900,1488337560
1254,121400_2..S01R,2,Tuesday,1488333666,1488334056
1254,122400_2..S01R,2,Tuesday,1488334239,1488334629
1254,123400_2..S01R,2,Tuesday,1488334745,1488335135
1254,124600_2..S01R,2,Tuesday,1488335464,1488335854
1254,125800_2..S01R,2,Tuesday,1488336090,1488336480
1254,126950_2..S01R,2,Tuesday,1488336810,1488337200
1254,127600_2..S01R,2,Tuesday,1488337170,1488337560
1254,128000_2..S01R,2,Tuesday,1488337530,1488337920
1254,125000_3..S01R,3,Tuesday,1488333759,1488334149
1254,126000_3..S01R,3,Tuesday,1488334350,1488334740
1254,127200_3..S01R,3,Tuesday,1488335070,1488335460
1254,128400_3..S01R,3,Tuesday,1488335790,1488336180
1255,122550_1..S02R,1,Tuesday,1488333400,1488334060
1255,123050_1..S02R,1,Tuesday,1488333453,1488334113
1255,123550_1..S02R,1,Tuesday,1488333822,1488334482
1255,124050_1..S02R,1,Tuesday,1488334040,1488334700
1255,124550_1..S02R,1,Tuesday,1488334293,1488334953
1255,125050_1..S02R,1,Tuesday,1488334556,1488335216
1255,125550_1..S02R,1,Tuesday,1488334920,1488335580
1255,126050_1..S02R,1,Tuesday,1488335220,1488335880
1255,126550_1..S02R,1,Tuesday,1488335520,1488336180
1255,127050_1..S02R,1,Tuesday,1488335820,1488336480
1255,127650_1..S02R,1,Tuesday,1488336180,1488336840
1255,128250_1..S02R,1,Tuesday,1488336540,1488337200
1255,128850_1..S02R,1,Tuesday,1488336900,1488337560
1255,121400_2..S01R,2,Tuesday,1488333655,1488334045
1255,122400_2..S01R,2,Tuesday,1488334239,1488334629
1255,123400_2..S01R,2,Tuesday,1488334746,1488335136
1255,124600_2..S01R,2,Tuesday,1488335444,1488335834
1255,125800_2..S01R,2,Tuesday,1488336090,1488336480
1255,126950_2..S01R,2,Tuesday,1488336810,1488337200
1255,127600_2..S01R,2,Tuesday,1488337170,1488337560
1255,128000_2..S01R,2,Tuesday,1488337530,1488337920
1255,125000_3..S01R,3,Tuesday,1488333763,1488334153
1255,126000_3..S01R,3,Tuesday,1488334350,1488334740
1255,127200_3..S01R,3,Tuesday,1488335070,1488335460
1255,128400_3..S01R,3,Tuesday,1488335790,1488336180
